text,subcategory
se exige plano visado para empadronar lote sin titulo?,23
se exige plano visado para cambio de jurisdiccion?,25
puedo empadronar con copia legalizada de la sentencia?,24
requiere inspeccion de la subalcaldia para empadronar?,23
solicitan numero de proceso para empadronar?,24
puedo vender el lote mientras tramito el cambio?,25
empadronar bien adjudicado cubre edificaciones existentes?,24
puedo empadronar edificio completo que pagaba en otro municipio?,25
como afecta al valor fiscal el cambio de jurisdiccion?,25
quien delimita la frontera municipal para el empadronamiento?,25
pasos para empadronar inmueble con pago en municipio equivocado,25
cuales son las tasas 2025 para empadronamiento judicial?,24
necesito firma del abogado patrocinante?,24
se registra en ddrr antes o despues del empadronamiento?,24
la adjudicacion de herencia cuenta como adjudicacion judicial?,24
que hago si mi plano no coincide con la realidad?,23
debo presentar recibos de luz para empadronar por posesion?,23
multa por tributar en municipio distinto al real?,25
tiempo maximo para finalizar tramite de empadronamiento?,25
se puede empadronar lote en zona de riesgo?,23
que pasa si el juez no especifico metraje exacto?,24
inscripcion en ddrr es distinta al empadronamiento por posesion?,23
que hago si el lote queda en zona limitrofe en disputa?,25
puedo vender un lote empadronado por posesion?,23
modelo de carta para empadronamiento con resolucion judicial,24
donde se solicita el traslado catastral de un inmueble?,25
puedo empadronar si el otro municipio no actualizo limites?,25
hay multa por empadronar fuera de plazo un lote poseido?,23
cuanto tarda la emision del nuevo ru catastral?,25
cuantos anos de posesion exige la alcaldia para empadronar?,23
requisitos para empadronar terreno sin documentos de propiedad,23
que sucede si el plano difiere de la sentencia?,24
empadronar por adjudicacion judicial genera nuevo ru?,24
empadronar terreno sin papeles genera n catastral?,23
como verifico en linea que ya cambie de jurisdiccion?,25
la notaria debe protocolizar la resolucion de empadronamiento?,25
debo cancelar deudas de agua para empadronar?,23
se exige declaracion jurada de no apelacion?,24
que pasa con las licencias de construccion vigentes?,25
se requiere certificado catastral previo al empadronamiento?,24
cuanto cuesta el empadronamiento por posesion?,23
necesito certificado de gravamenes para empadronar por sentencia?,24
cuanto tarda el tramite de empadronamiento por posesion?,23
necesito testigos colindantes para delimitar el lote?,25
cuanto mide el lote minimo para ser empadronado por posesion?,23
puedo empadronar si aun no construi vivienda?,23
requisitos para cambiar jurisdiccion de inmueble a el alto,25
puedo adjuntar fotos como prueba de posesion?,23
empadronar por posesion incluye registro de mejoras?,23
empadronar por posesion legaliza mi propiedad?,23
se paga impuesto retroactivo al empadronar por posesion?,23
como subsano observaciones de la alcaldia al tramite?,24
como empadrono mi lote si pague impuestos en otro municipio?,25
empadronamiento por sentencia requiere avaluo fiscal nuevo?,24
el tramite por posesion se puede hacer en linea?,23
empadronar lote por cambio de jurisdiccion afecta facturacion de agua?,25
empadronamiento judicial habilita conexion a servicios basicos?,24
es obligatorio cancelar deuda del otro municipio antes?,25
se puede empadronar por posesion un lote heredado sin titulo?,23
necesito reformular planos con coordenadas utm actualizadas?,25
se puede empadronar lote de cooperativa por posesion?,23
se exige plano visado para empadronar adjudicacion judicial?,24
se requiere inspeccion de la subalcaldia al empadronar?,25
puedo empadronar un lote en area rural por posesion?,23
el juzgado debe notificar a la alcaldia para empadronar?,24
que pasa si la otra parte apela la sentencia?,24
se puede empadronar en linea el cambio de jurisdiccion?,25
necesito auto ejecutivo firme para empadronamiento judicial?,24
necesito informe tecnico de superficie para el empadronamiento?,24
cambio de jurisdiccion afecta el impuesto a la transferencia?,25
hay asesoria gratuita para empadronar lote sin titulo?,23
se requiere declaracion de mensura para el tramite?,23
puedo empadronar un inmueble ocupado por 10 anos?,23
que tasas se pagan al transferir padron catastral?,25
como empadronar inmueble adjudicado en proceso de divorcio?,24
empadronar por jurisdiccion genera nuevo plano catastral?,25
se paga multa por demorar el empadronamiento judicial?,24
debe participar el inra en cambio de jurisdiccion rural?,25
como apelar si el otro municipio se niega a liberar el lote?,25
checklist para empadronar bien adjudicado en 2025?,24
necesito informe de uso de suelo para empadronar por posesion?,23
como demuestro que mi lote esta ubicado en el alto?,25
como empadrono un inmueble adjudicado por sentencia judicial?,24
que pasos seguir para empadronar un inmueble por posesion?,23
necesito actualizar plano georreferenciado?,25
necesito certificado catastral para empadronar por posesion?,23
empadronar por cambio de jurisdiccion genera nuevo numero catastral?,25
empadronamiento judicial requiere inspeccion ocular?,24
puedo empadronar si falta la protocolizacion de la sentencia?,24
puedo empadronar lote invadido por terceros?,23
cuantos dias habiles dura la verificacion juridica?,24
la alcaldia anterior debe emitir acta de deslinde?,25
necesito declaracion jurada de vecinos para empadronar mi lote?,23
como agendo cita para presentar documentos de posesion?,23
certificado ine de ubicacion sirve para cambio de jurisdiccion?,25
empadronar por cambio de jurisdiccion afecta servicios basicos?,25
que documentos de propiedad necesito para el cambio?,25
tiempo de tramite para empadronar por adjudicacion judicial?,24
checklist de documentos para 2025 cambio de jurisdiccion?,25
certificado de vivencia sirve como prueba de posesion?,23
se genera nuevo codigo qr catastral al cambiar municipio?,25
donde presento la resolucion judicial para empadronar mi casa?,24
que autoridad municipal firma la resolucion de empadronamiento?,25
cuanto cuesta el empadronamiento por cambio de jurisdiccion?,25
empadronar por posesion habilita servicios basicos?,23
cuanto cuesta empadronar un bien por adjudicacion judicial?,24
que autoridad municipal firma el certificado de empadronamiento?,24
empadronamiento judicial afecta la valuacion fiscal?,24
se puede empadronar un bien adjudicado en remate judicial?,24
se puede empadronar lote con medidas provisionales?,24
como empadrono un lote donde vivo sin papeles?,23
como actualizar datos en derechos reales tras el cambio?,25
se paga retroactivo de impuestos al empadronar por sentencia?,24
como acredito la posesion tras adjudicacion judicial?,24
donde presento la solicitud de empadronamiento como poseedor?,23
que oficinas atienden empadronamiento por posesion sabado?,23
que autoridad firma la resolucion de empadronamiento por posesion?,23
cuales son las tasas 2025 para empadronamiento por posesion?,23
la alcaldia archiva copia de la sentencia?,24
necesito avaluo fiscal para empadronar por posesion?,23
