text,subcategory
como empadrono un lote donde vivo sin papeles?,0023
requisitos para empadronar terreno sin documentos de propiedad,0023
que pasos seguir para empadronar un inmueble por posesion?,0023
necesito certificado catastral para empadronar por posesion?,0023
cuanto cuesta el empadronamiento por posesion?,0023
donde presento la solicitud de empadronamiento como poseedor?,0023
se exige plano visado para empadronar lote sin titulo?,0023
que pruebas de posesion aceptan para el empadronamiento?,0023
puedo empadronar un inmueble ocupado por 10 anos?,0023
cuanto tarda el tramite de empadronamiento por posesion?,0023
empadronamiento por posesion genera folio real?,0023
necesito declaracion jurada de vecinos para empadronar mi lote?,0023
se paga impuesto retroactivo al empadronar por posesion?,0023
empadronar por posesion legaliza mi propiedad?,0023
que pasa si otro vecino reclama el mismo lote?,0023
requiere inspeccion de la subalcaldia para empadronar?,0023
puedo empadronar un lote en area rural por posesion?,0023
hay multa por empadronar fuera de plazo un lote poseido?,0023
necesito copia de dni para empadronar terreno sin papeles?,0023
se puede empadronar por posesion un lote heredado sin titulo?,0023
como adjunto croquis de ubicacion al empadronar mi terreno?,0023
que autoridad firma la resolucion de empadronamiento por posesion?,0023
empadronar por posesion afecta el impuesto a la propiedad?,0023
cuantos anos de posesion exige la alcaldia para empadronar?,0023
puedo empadronar si aun no construi vivienda?,0023
el tramite por posesion se puede hacer en linea?,0023
necesito informe de uso de suelo para empadronar por posesion?,0023
certificado de vivencia sirve como prueba de posesion?,0023
cual es la vigencia del certificado de empadronamiento por posesion?,0023
se puede empadronar lote de cooperativa por posesion?,0023
debo presentar recibos de luz para empadronar por posesion?,0023
empadronar por posesion habilita servicios basicos?,0023
puedo vender un lote empadronado por posesion?,0023
inscripcion en ddrr es distinta al empadronamiento por posesion?,0023
que hago si mi plano no coincide con la realidad?,0023
se requiere declaracion de mensura para el tramite?,0023
empadronar por posesion incluye registro de mejoras?,0023
cuanto mide el lote minimo para ser empadronado por posesion?,0023
que sucede si vivo en lote municipal y pido empadronamiento?,0023
puedo adjuntar fotos como prueba de posesion?,0023
hay asesoria gratuita para empadronar lote sin titulo?,0023
debo cancelar deudas de agua para empadronar?,0023
empadronamiento por posesion es igual a usucapion?,0023
como agendo cita para presentar documentos de posesion?,0023
se puede empadronar lote en zona de riesgo?,0023
cuales son las tasas 2025 para empadronamiento por posesion?,0023
puedo empadronar lote invadido por terceros?,0023
necesito avaluo fiscal para empadronar por posesion?,0023
empadronar terreno sin papeles genera n catastral?,0023
que oficinas atienden empadronamiento por posesion sabado?,0023
checklist para empadronamiento por posesion 2025,0023
como empadrono un inmueble adjudicado por sentencia judicial?,0024
requisitos para empadronar terreno ganado en juicio,0024
donde presento la resolucion judicial para empadronar mi casa?,0024
necesito auto ejecutivo firme para empadronamiento judicial?,0024
cuanto cuesta empadronar un bien por adjudicacion judicial?,0024
se exige plano visado para empadronar adjudicacion judicial?,0024
que plazo tengo para empadronar tras la sentencia?,0024
empadronamiento judicial actualiza el impuesto a la propiedad?,0024
el juzgado debe notificar a la alcaldia para empadronar?,0024
como acredito la posesion tras adjudicacion judicial?,0024
necesito certificado de gravamenes para empadronar por sentencia?,0024
se registra en ddrr antes o despues del empadronamiento?,0024
modelo de carta para empadronamiento con resolucion judicial,0024
la alcaldia verifica la sentencia antes de empadronar?,0024
que pasa si la otra parte apela la sentencia?,0024
empadronar por adjudicacion judicial genera nuevo ru?,0024
puedo empadronar si la sentencia esta en ejecucion?,0024
tiempo de tramite para empadronar por adjudicacion judicial?,0024
se paga multa por demorar el empadronamiento judicial?,0024
empadronar lote adjudicado incluye inscripcion catastral?,0024
que autoridad municipal firma el certificado de empadronamiento?,0024
necesito informe tecnico de superficie para el empadronamiento?,0024
la adjudicacion de herencia cuenta como adjudicacion judicial?,0024
empadronar bien adjudicado cubre edificaciones existentes?,0024
puedo empadronar con copia legalizada de la sentencia?,0024
cuales son las tasas 2025 para empadronamiento judicial?,0024
se requiere certificado catastral previo al empadronamiento?,0024
necesito fotocopia del expediente completo del juicio?,0024
empadronamiento por sentencia requiere avaluo fiscal nuevo?,0024
que sucede si el plano difiere de la sentencia?,0024
se puede empadronar un bien adjudicado en remate judicial?,0024
empadronamiento judicial habilita conexion a servicios basicos?,0024
como empadronar inmueble adjudicado en proceso de divorcio?,0024
se paga retroactivo de impuestos al empadronar por sentencia?,0024
necesito soat de la propiedad? (broma) o solo documentos legales?,0024
puedo empadronar dos lotes adjudicados en la misma sentencia?,0024
la alcaldia archiva copia de la sentencia?,0024
empadronamiento judicial requiere inspeccion ocular?,0024
cuantos dias habiles dura la verificacion juridica?,0024
puedo empadronar si falta la protocolizacion de la sentencia?,0024
que pasa si el juez no especifico metraje exacto?,0024
se exige declaracion jurada de no apelacion?,0024
solicitan numero de proceso para empadronar?,0024
empadronar adjudicacion judicial genera folio real o solo catastro?,0024
se puede empadronar lote con medidas provisionales?,0024
necesito firma del abogado patrocinante?,0024
como subsano observaciones de la alcaldia al tramite?,0024
empadronamiento judicial afecta la valuacion fiscal?,0024
checklist para empadronar bien adjudicado en 2025?,0024
como empadrono mi lote si pague impuestos en otro municipio?,0025
requisitos para cambiar jurisdiccion de inmueble a el alto,0025
cuanto cuesta el empadronamiento por cambio de jurisdiccion?,0025
donde se solicita el traslado catastral de un inmueble?,0025
necesito certificado de libre deuda del municipio anterior?,0025
pasos para empadronar inmueble con pago en municipio equivocado,0025
se exige plano visado para cambio de jurisdiccion?,0025
que plazo tengo para regularizar pago en el municipio correcto?,0025
multa por tributar en municipio distinto al real?,0025
empadronar por cambio de jurisdiccion genera nuevo numero catastral?,0025
la alcaldia anterior debe emitir acta de deslinde?,0025
puedo empadronar si el otro municipio no actualizo limites?,0025
que documentos de propiedad necesito para el cambio?,0025
se requiere inspeccion de la subalcaldia al empadronar?,0025
como demuestro que mi lote esta ubicado en el alto?,0025
cambio de jurisdiccion afecta el impuesto a la transferencia?,0025
puedo seguir pagando en el municipio anterior temporalmente?,0025
quien delimita la frontera municipal para el empadronamiento?,0025
empadronar por cambio de jurisdiccion afecta servicios basicos?,0025
que tasas se pagan al transferir padron catastral?,0025
necesito actualizar plano georreferenciado?,0025
cuanto tarda la emision del nuevo ru catastral?,0025
se puede empadronar en linea el cambio de jurisdiccion?,0025
como apelar si el otro municipio se niega a liberar el lote?,0025
certificado ine de ubicacion sirve para cambio de jurisdiccion?,0025
que autoridad municipal firma la resolucion de empadronamiento?,0025
checklist de documentos para 2025 cambio de jurisdiccion?,0025
se paga retroactivo de impuestos al nuevo municipio?,0025
como actualizar datos en derechos reales tras el cambio?,0025
empadronar por jurisdiccion genera nuevo plano catastral?,0025
necesito testigos colindantes para delimitar el lote?,0025
que hago si el lote queda en zona limitrofe en disputa?,0025
cambio de jurisdiccion aplica a departamentos en condominio?,0025
puedo empadronar edificio completo que pagaba en otro municipio?,0025
se exige certificado de numeracion municipal nuevo?,0025
como afecta al valor fiscal el cambio de jurisdiccion?,0025
es obligatorio cancelar deuda del otro municipio antes?,0025
tiempo maximo para finalizar tramite de empadronamiento?,0025
empadronar por cambio de jurisdiccion requiere avaluo nuevo?,0025
como verifico en linea que ya cambie de jurisdiccion?,0025
puedo empadronar terreno agricola pasando de viacha a el alto?,0025
la alcaldia antigua puede embargar el lote tras cambio?,0025
necesito reformular planos con coordenadas utm actualizadas?,0025
se genera nuevo codigo qr catastral al cambiar municipio?,0025
que pasa con las licencias de construccion vigentes?,0025
debe participar el inra en cambio de jurisdiccion rural?,0025
puedo vender el lote mientras tramito el cambio?,0025
cambio de jurisdiccion exige pago de plusvalia?,0025
la notaria debe protocolizar la resolucion de empadronamiento?,0025
empadronar lote por cambio de jurisdiccion afecta facturacion de agua?,0025
